<!DOCTYPE sqlMap PUBLIC "-//ibatis.apache.org//DTD SQL Map 2.0//EN" "http://ibatis.apache.org/dtd/sql-map-2.dtd">
<sqlMap namespace="nts.bulletin.ntsBulletin">
  <typeAlias alias="ntsBulletinTo" type="com.gzdec.nts.bulletin.to.NtsBulletinTo"/>
  <resultMap id="ntsBulletinResult" class="ntsBulletinTo">
    <result property="bulletinId" column="BULLETIN_ID"/>
    <result property="title" column="TITLE"/>
    <result property="bulletinDesc" column="BULLETIN_DESC"/>
    <result property="bulletinCategory" column="BULLETIN_CATEGORY"/>
    <result property="content" column="CONTENT"/>
    <result property="attchmentName" column="ATTCHMENT_NAME"/>
    <result property="attchment" column="ATTCHMENT"/>
    <result property="hypelinkName" column="HYPELINK_NAME"/>
    <result property="hypelink" column="HYPELINK"/>
    <result property="createdBy" column="CREATED_BY"/>
    <result property="updatedBy" column="UPDATED_BY"/>
    <result property="createdDt" column="CREATED_DT"/>
    <result property="updatedDt" column="UPDATED_DT"/>
    <result property="isDeleted" column="IS_DELETED"/>
  </resultMap>

  <select id="query" parameterClass="ntsBulletinTo" resultMap="ntsBulletinResult">
  SELECT BULLETIN_ID,TITLE,BULLETIN_DESC,BULLETIN_CATEGORY,CONTENT,ATTCHMENT_NAME,ATTCHMENT,HYPELINK_NAME,HYPELINK,CREATED_BY,UPDATED_BY,CREATED_DT,UPDATED_DT,IS_DELETED  FROM NTS_BULLETIN WHERE IS_DELETED = 'N'
  <dynamic prepend="">
    <isNotNull property="bulletinId">
        <isNotEmpty property="bulletinId" prepend="AND"> BULLETIN_ID = #bulletinId# </isNotEmpty>
    </isNotNull>
    <isNotNull property="title">
        <isNotEmpty property="title" prepend="AND"> TITLE like '%$title$%' </isNotEmpty>
    </isNotNull>
    <isNotNull property="bulletinDesc">
        <isNotEmpty property="bulletinDesc" prepend="AND"> BULLETIN_DESC = #bulletinDesc# </isNotEmpty>
    </isNotNull>
    <isNotNull property="bulletinCategory">
        <isNotEmpty property="bulletinCategory" prepend="AND"> BULLETIN_CATEGORY like '%$bulletinCategory$%' </isNotEmpty>
    </isNotNull>
    <isNotNull property="content">
        <isNotEmpty property="content" prepend="AND"> CONTENT = #content# </isNotEmpty>
    </isNotNull>
    <isNotNull property="attchmentName">
        <isNotEmpty property="attchmentName" prepend="AND"> ATTCHMENT_NAME = #attchmentName# </isNotEmpty>
    </isNotNull>
    <isNotNull property="attchment">
        <isNotEmpty property="attchment" prepend="AND"> ATTCHMENT = #attchment# </isNotEmpty>
    </isNotNull>
    <isNotNull property="hypelinkName">
        <isNotEmpty property="hypelinkName" prepend="AND"> HYPELINK_NAME = #hypelinkName# </isNotEmpty>
    </isNotNull>
    <isNotNull property="hypelink">
        <isNotEmpty property="hypelink" prepend="AND"> HYPELINK = #hypelink# </isNotEmpty>
    </isNotNull>
    <isNotNull property="createdBy">
        <isNotEmpty property="createdBy" prepend="AND"> CREATED_BY = #createdBy# </isNotEmpty>
    </isNotNull>
    <isNotNull property="updatedBy">
        <isNotEmpty property="updatedBy" prepend="AND"> UPDATED_BY = #updatedBy# </isNotEmpty>
    </isNotNull>
    <isNotNull property="createdDt">
        <isNotEmpty property="createdDt" prepend="AND"> CREATED_DT = #createdDt# </isNotEmpty>
    </isNotNull>
    <isNotNull property="updatedDt">
        <isNotEmpty property="updatedDt" prepend="AND"> UPDATED_DT = #updatedDt# </isNotEmpty>
    </isNotNull>
    </dynamic>
  </select>

  <insert id="create" parameterClass="ntsBulletinTo">
  INSERT INTO NTS_BULLETIN (BULLETIN_ID
  <dynamic prepend="">
    <isNotNull property="title">
        <isNotEmpty property="title" prepend=",">TITLE</isNotEmpty>
    </isNotNull>
    <isNotNull property="bulletinDesc">
        <isNotEmpty property="bulletinDesc" prepend=",">BULLETIN_DESC</isNotEmpty>
    </isNotNull>
    <isNotNull property="bulletinCategory">
        <isNotEmpty property="bulletinCategory" prepend=",">BULLETIN_CATEGORY</isNotEmpty>
    </isNotNull>
    <isNotNull property="content">
        <isNotEmpty property="content" prepend=",">CONTENT</isNotEmpty>
    </isNotNull>
    <isNotNull property="attchmentName">
        <isNotEmpty property="attchmentName" prepend=",">ATTCHMENT_NAME</isNotEmpty>
    </isNotNull>
    <isNotNull property="attchment">
        <isNotEmpty property="attchment" prepend=",">ATTCHMENT</isNotEmpty>
    </isNotNull>
    <isNotNull property="hypelinkName">
        <isNotEmpty property="hypelinkName" prepend=",">HYPELINK_NAME</isNotEmpty>
    </isNotNull>
    <isNotNull property="hypelink">
        <isNotEmpty property="hypelink" prepend=",">HYPELINK</isNotEmpty>
    </isNotNull>
    <isNotNull property="createdBy">
        <isNotEmpty property="createdBy" prepend=",">CREATED_BY</isNotEmpty>
    </isNotNull>
    <isNotNull property="updatedBy">
        <isNotEmpty property="updatedBy" prepend=",">UPDATED_BY</isNotEmpty>
    </isNotNull>
    <isNotNull property="createdDt">
        <isNotEmpty property="createdDt" prepend=",">CREATED_DT</isNotEmpty>
    </isNotNull>
    <isNotNull property="updatedDt">
        <isNotEmpty property="updatedDt" prepend=",">UPDATED_DT</isNotEmpty>
    </isNotNull>
    <isNotNull property="isDeleted">
        <isNotEmpty property="isDeleted" prepend=",">IS_DELETED</isNotEmpty>
    </isNotNull>
  </dynamic>
  ) VALUES (#bulletinId#
  <dynamic prepend="">
    <isNotNull property="title">
        <isNotEmpty property="title" prepend=",">#title#</isNotEmpty>
    </isNotNull>
    <isNotNull property="bulletinDesc">
        <isNotEmpty property="bulletinDesc" prepend=",">#bulletinDesc#</isNotEmpty>
    </isNotNull>
    <isNotNull property="bulletinCategory">
        <isNotEmpty property="bulletinCategory" prepend=",">#bulletinCategory#</isNotEmpty>
    </isNotNull>
    <isNotNull property="content">
        <isNotEmpty property="content" prepend=",">#content#</isNotEmpty>
    </isNotNull>
    <isNotNull property="attchmentName">
        <isNotEmpty property="attchmentName" prepend=",">#attchmentName#</isNotEmpty>
    </isNotNull>
    <isNotNull property="attchment">
        <isNotEmpty property="attchment" prepend=",">#attchment#</isNotEmpty>
    </isNotNull>
    <isNotNull property="hypelinkName">
        <isNotEmpty property="hypelinkName" prepend=",">#hypelinkName#</isNotEmpty>
    </isNotNull>
    <isNotNull property="hypelink">
        <isNotEmpty property="hypelink" prepend=",">#hypelink#</isNotEmpty>
    </isNotNull>
    <isNotNull property="createdBy">
        <isNotEmpty property="createdBy" prepend=",">#createdBy#</isNotEmpty>
    </isNotNull>
    <isNotNull property="updatedBy">
        <isNotEmpty property="updatedBy" prepend=",">#updatedBy#</isNotEmpty>
    </isNotNull>
    <isNotNull property="createdDt">
        <isNotEmpty property="createdDt" prepend=",">#createdDt#</isNotEmpty>
    </isNotNull>
    <isNotNull property="updatedDt">
        <isNotEmpty property="updatedDt" prepend=",">#updatedDt#</isNotEmpty>
    </isNotNull>
    <isNotNull property="isDeleted">
        <isNotEmpty property="isDeleted" prepend=",">#isDeleted#</isNotEmpty>
    </isNotNull>
  </dynamic>
  )
  </insert>

  <update id="modify" parameterClass="ntsBulletinTo">
  UPDATE NTS_BULLETIN SET BULLETIN_ID = #bulletinId#
  <dynamic prepend="">
    <isNotNull property="title">
        <isNotEmpty property="title" prepend=",">TITLE = #title#</isNotEmpty>
    </isNotNull>
    <isNotNull property="bulletinDesc">
        <isNotEmpty property="bulletinDesc" prepend=",">BULLETIN_DESC = #bulletinDesc#</isNotEmpty>
    </isNotNull>
    <isNotNull property="bulletinCategory">
        <isNotEmpty property="bulletinCategory" prepend=",">BULLETIN_CATEGORY = #bulletinCategory#</isNotEmpty>
    </isNotNull>
    <isNotNull property="content">
        <isNotEmpty property="content" prepend=",">CONTENT = #content#</isNotEmpty>
    </isNotNull>
    <isNotNull property="attchmentName">
        <isNotEmpty property="attchmentName" prepend=",">ATTCHMENT_NAME = #attchmentName#</isNotEmpty>
    </isNotNull>
    <isNotNull property="attchment">
        <isNotEmpty property="attchment" prepend=",">ATTCHMENT = #attchment#</isNotEmpty>
    </isNotNull>
    <isNotNull property="hypelinkName">
        <isNotEmpty property="hypelinkName" prepend=",">HYPELINK_NAME = #hypelinkName#</isNotEmpty>
    </isNotNull>
    <isNotNull property="hypelink">
        <isNotEmpty property="hypelink" prepend=",">HYPELINK = #hypelink#</isNotEmpty>
    </isNotNull>
    <isNotNull property="createdBy">
        <isNotEmpty property="createdBy" prepend=",">CREATED_BY = #createdBy#</isNotEmpty>
    </isNotNull>
    <isNotNull property="updatedBy">
        <isNotEmpty property="updatedBy" prepend=",">UPDATED_BY = #updatedBy#</isNotEmpty>
    </isNotNull>
    <isNotNull property="createdDt">
        <isNotEmpty property="createdDt" prepend=",">CREATED_DT = #createdDt#</isNotEmpty>
    </isNotNull>
    <isNotNull property="updatedDt">
        <isNotEmpty property="updatedDt" prepend=",">UPDATED_DT = #updatedDt#</isNotEmpty>
    </isNotNull>
    <isNotNull property="isDeleted">
        <isNotEmpty property="isDeleted" prepend=",">IS_DELETED = #isDeleted#</isNotEmpty>
    </isNotNull>
  </dynamic>
  WHERE BULLETIN_ID = #bulletinId#
  </update>

  <update id="remove" parameterClass="ntsBulletinTo">
  UPDATE NTS_BULLETIN SET IS_DELETED = #isDeleted# WHERE BULLETIN_ID = #bulletinId#
  </update>
</sqlMap>
