<!DOCTYPE struts PUBLIC "-//Apache Software Foundation//DTD Struts Configuration 2.0//EN" "http://struts.apache.org/dtds/struts-2.0.dtd">
<struts>

  <package name="nts_bulletin_ntsBulletin" extends="struts-default" namespace="/nts/bulletin/ntsBulletin">
    <action name="index" method="index" class="com.gzdec.nts.bulletin.actions.NtsBulletinAction">
        <result name="success">/jsp/nts/bulletin/nts_bulletin_index.jsp</result>
    </action>

    <action name="findAll" method="findAll" class="com.gzdec.nts.bulletin.actions.NtsBulletinAction">
        <result name="success">/jsp/nts/bulletin/nts_bulletin_index.jsp</result>
    </action>

    <action name="findByPage" method="findByPage" class="com.gzdec.nts.bulletin.actions.NtsBulletinAction">
        <result name="success">/jsp/nts/bulletin/nts_bulletin_index.jsp</result>
    </action>

    <action name="doInput" method="doInput" class="com.gzdec.nts.bulletin.actions.NtsBulletinAction">
        <result name="success">/jsp/nts/bulletin/nts_bulletin_input.jsp</result>
    </action>

    <action name="create" method="create" class="com.gzdec.nts.bulletin.actions.NtsBulletinAction">
        <result name="success" type="redirectAction">index</result>
    </action>

    <action name="modify" method="modify" class="com.gzdec.nts.bulletin.actions.NtsBulletinAction">
        <result name="success" type="redirectAction">index</result>
    </action>

    <action name="remove" method="remove" class="com.gzdec.nts.bulletin.actions.NtsBulletinAction">
        <result name="success" type="redirectAction">index</result>
    </action>
  </package>
</struts>
