<!DOCTYPE struts PUBLIC
        "-//Apache Software Foundation//DTD Struts Configuration 2.0//EN"
        "http://struts.apache.org/dtds/struts-2.0.dtd">
<struts>
    <!-- 文件上传 -->
	<package name="nes_file_upload" extends="struts-default,struts-json"
		namespace="/nes/file/upload">
		<action name="ajaxUpload" method="ajaxUpload"
			class="com.gzdec.nes.fileupload.actions.NesXhEditorAjaxUploadAction">
			<result name="success" type="json">
				<param name="jsonModel">jsonModel</param>
			</result>
		</action>
		<action name="antZipAndUpload" method="antZipAndUpload"
			class="com.gzdec.nes.fileupload.actions.NesXhEditorAjaxUploadAction">
			<result name="success">
				/plugin/xheditor/iframeUploadCallback.jsp
			</result>
		</action>
		<action name="index" method="index"
			class="com.gzdec.nes.fileupload.actions.NesXhEditorAjaxUploadAction">
			<result name="success">
				/plugin/xheditor/xhEditorUpload.jsp
			</result>
		</action>
		<action name="toIframeUpload" method="toIframeUpload"
			class="com.gzdec.nes.fileupload.actions.NesXhEditorAjaxUploadAction">
			<result name="success">
				/plugin/xheditor/iframeUpload.jsp
			</result>
		</action>
		<action name="iframeUpload" method="iframeUpload"
			class="com.gzdec.nes.fileupload.actions.NesXhEditorAjaxUploadAction">
			<result name="success">
				/plugin/xheditor/iframeUploadCallback.jsp
			</result>
		</action>
	</package>
</struts>