<!DOCTYPE struts PUBLIC
        "-//Apache Software Foundation//DTD Struts Configuration 2.0//EN"
        "http://struts.apache.org/dtds/struts-2.0.dtd">
<struts>

   <package name="erp_user_testUser" extends="struts-default" namespace="/erp/user/testUser">
    <action name="index" method="index" class="com.gzdec.erp.user.actions.TestUserAction">
        <result name="success">/jsp/erp/user/test_user_index.jsp</result>
    </action>

    <action name="findAll" method="findAll" class="com.gzdec.erp.user.actions.TestUserAction">
        <result name="success">/jsp/erp/user/test_user_index.jsp</result>
    </action>

    <action name="findByPage" method="findByPage" class="com.gzdec.erp.user.actions.TestUserAction">
        <result name="success">/jsp/erp/user/test_user_index.jsp</result>
    </action>

    <action name="doInput" method="doInput" class="com.gzdec.erp.user.actions.TestUserAction">
        <result name="success">/jsp/erp/user/test_user_input.jsp</result>
    </action>

    <action name="create" method="create" class="com.gzdec.erp.user.actions.TestUserAction">
        <result name="success" type="redirectAction">index</result>
    </action>

    <action name="modify" method="modify" class="com.gzdec.erp.user.actions.TestUserAction">
        <result name="success" type="redirectAction">index</result>
    </action>

    <action name="remove" method="remove" class="com.gzdec.erp.user.actions.TestUserAction">
        <result name="success" type="redirectAction">index</result>
    </action>
  </package>
  
  
  
</struts>